<?xml version="1.0" encoding="UTF-8"?>

<!--XBRL Document Created with the Workiva Platform-->
<!--Copyright 2025 Workiva-->
<!--r:2c333216-2915-4c0a-8ce9-18ef2bd8e39d,g:180e31c3-06d8-4101-96c3-5e78545a4b76-->
<link:linkbase xmlns:link="http://www.xbrl.org/2003/linkbase" xmlns:xlink="http://www.w3.org/1999/xlink" xmlns:xsi="http://www.w3.org/2001/XMLSchema-instance" xsi:schemaLocation="http://www.xbrl.org/2003/linkbase http://www.xbrl.org/2003/xbrl-linkbase-2003-12-31.xsd">
  <link:roleRef roleURI="http://www.washingtonfederal.com/role/DocumentandEntityInformation" xlink:type="simple" xlink:href="wfsl-20251003.xsd#DocumentandEntityInformation"/>
  <link:presentationLink xlink:role="http://www.washingtonfederal.com/role/DocumentandEntityInformation" xlink:type="extended">
    <link:loc xlink:type="locator" xlink:label="loc_dei_CoverAbstract_8a578f6f-0e6b-40b9-b74c-cdb572ba461d" xlink:href="https://xbrl.sec.gov/dei/2025/dei-2025.xsd#dei_CoverAbstract"/>
    <link:loc xlink:type="locator" xlink:label="loc_dei_DocumentInformationTable_1a272891-4209-45a6-bd0f-ca9e4ecf116e" xlink:href="https://xbrl.sec.gov/dei/2025/dei-2025.xsd#dei_DocumentInformationTable"/>
    <link:presentationArc order="1" xlink:arcrole="http://www.xbrl.org/2003/arcrole/parent-child" xlink:from="loc_dei_CoverAbstract_8a578f6f-0e6b-40b9-b74c-cdb572ba461d" xlink:to="loc_dei_DocumentInformationTable_1a272891-4209-45a6-bd0f-ca9e4ecf116e" xlink:type="arc" preferredLabel="http://www.xbrl.org/2003/role/terseLabel"/>
    <link:loc xlink:type="locator" xlink:label="loc_us-gaap_StatementClassOfStockAxis_5c2406f2-b470-4189-865a-2b6ea24cde89" xlink:href="https://xbrl.fasb.org/us-gaap/2025/elts/us-gaap-2025.xsd#us-gaap_StatementClassOfStockAxis"/>
    <link:presentationArc order="1" xlink:arcrole="http://www.xbrl.org/2003/arcrole/parent-child" xlink:from="loc_dei_DocumentInformationTable_1a272891-4209-45a6-bd0f-ca9e4ecf116e" xlink:to="loc_us-gaap_StatementClassOfStockAxis_5c2406f2-b470-4189-865a-2b6ea24cde89" xlink:type="arc" preferredLabel="http://www.xbrl.org/2003/role/terseLabel"/>
    <link:loc xlink:type="locator" xlink:label="loc_us-gaap_ClassOfStockDomain_2816be92-a730-435d-968f-421da2e91d47" xlink:href="https://xbrl.fasb.org/us-gaap/2025/elts/us-gaap-2025.xsd#us-gaap_ClassOfStockDomain"/>
    <link:presentationArc order="1" xlink:arcrole="http://www.xbrl.org/2003/arcrole/parent-child" xlink:from="loc_us-gaap_StatementClassOfStockAxis_5c2406f2-b470-4189-865a-2b6ea24cde89" xlink:to="loc_us-gaap_ClassOfStockDomain_2816be92-a730-435d-968f-421da2e91d47" xlink:type="arc" preferredLabel="http://www.xbrl.org/2003/role/terseLabel"/>
    <link:loc xlink:type="locator" xlink:label="loc_us-gaap_SeriesAPreferredStockMember_69312e63-4018-49e4-9d05-90bb7504a241" xlink:href="https://xbrl.fasb.org/us-gaap/2025/elts/us-gaap-2025.xsd#us-gaap_SeriesAPreferredStockMember"/>
    <link:presentationArc order="1" xlink:arcrole="http://www.xbrl.org/2003/arcrole/parent-child" xlink:from="loc_us-gaap_ClassOfStockDomain_2816be92-a730-435d-968f-421da2e91d47" xlink:to="loc_us-gaap_SeriesAPreferredStockMember_69312e63-4018-49e4-9d05-90bb7504a241" xlink:type="arc" preferredLabel="http://www.xbrl.org/2003/role/terseLabel"/>
    <link:loc xlink:type="locator" xlink:label="loc_us-gaap_CommonStockMember_3eaac842-dd8f-42a0-8cbe-90087d935343" xlink:href="https://xbrl.fasb.org/us-gaap/2025/elts/us-gaap-2025.xsd#us-gaap_CommonStockMember"/>
    <link:presentationArc order="2" xlink:arcrole="http://www.xbrl.org/2003/arcrole/parent-child" xlink:from="loc_us-gaap_ClassOfStockDomain_2816be92-a730-435d-968f-421da2e91d47" xlink:to="loc_us-gaap_CommonStockMember_3eaac842-dd8f-42a0-8cbe-90087d935343" xlink:type="arc" preferredLabel="http://www.xbrl.org/2003/role/terseLabel"/>
    <link:loc xlink:type="locator" xlink:label="loc_dei_DocumentInformationLineItems_b6770176-c20e-484e-94fb-88d4619c55f8" xlink:href="https://xbrl.sec.gov/dei/2025/dei-2025.xsd#dei_DocumentInformationLineItems"/>
    <link:presentationArc order="2" xlink:arcrole="http://www.xbrl.org/2003/arcrole/parent-child" xlink:from="loc_dei_DocumentInformationTable_1a272891-4209-45a6-bd0f-ca9e4ecf116e" xlink:to="loc_dei_DocumentInformationLineItems_b6770176-c20e-484e-94fb-88d4619c55f8" xlink:type="arc" preferredLabel="http://www.xbrl.org/2003/role/terseLabel"/>
    <link:loc xlink:type="locator" xlink:label="loc_dei_DocumentType_5fe8f013-e40b-445a-bb45-6fe33d293d28" xlink:href="https://xbrl.sec.gov/dei/2025/dei-2025.xsd#dei_DocumentType"/>
    <link:presentationArc order="1" xlink:arcrole="http://www.xbrl.org/2003/arcrole/parent-child" xlink:from="loc_dei_DocumentInformationLineItems_b6770176-c20e-484e-94fb-88d4619c55f8" xlink:to="loc_dei_DocumentType_5fe8f013-e40b-445a-bb45-6fe33d293d28" xlink:type="arc" preferredLabel="http://www.xbrl.org/2003/role/terseLabel"/>
    <link:loc xlink:type="locator" xlink:label="loc_dei_DocumentPeriodEndDate_181d6ddb-0f5a-4485-8bb9-ca39b7a8948f" xlink:href="https://xbrl.sec.gov/dei/2025/dei-2025.xsd#dei_DocumentPeriodEndDate"/>
    <link:presentationArc order="2" xlink:arcrole="http://www.xbrl.org/2003/arcrole/parent-child" xlink:from="loc_dei_DocumentInformationLineItems_b6770176-c20e-484e-94fb-88d4619c55f8" xlink:to="loc_dei_DocumentPeriodEndDate_181d6ddb-0f5a-4485-8bb9-ca39b7a8948f" xlink:type="arc" preferredLabel="http://www.xbrl.org/2003/role/terseLabel"/>
    <link:loc xlink:type="locator" xlink:label="loc_dei_EntityRegistrantName_2a303d15-4ab2-427b-818c-7863706e65c4" xlink:href="https://xbrl.sec.gov/dei/2025/dei-2025.xsd#dei_EntityRegistrantName"/>
    <link:presentationArc order="3" xlink:arcrole="http://www.xbrl.org/2003/arcrole/parent-child" xlink:from="loc_dei_DocumentInformationLineItems_b6770176-c20e-484e-94fb-88d4619c55f8" xlink:to="loc_dei_EntityRegistrantName_2a303d15-4ab2-427b-818c-7863706e65c4" xlink:type="arc" preferredLabel="http://www.xbrl.org/2003/role/terseLabel"/>
    <link:loc xlink:type="locator" xlink:label="loc_dei_EntityCentralIndexKey_31c52e17-e664-45cf-aa87-aa547db5ac16" xlink:href="https://xbrl.sec.gov/dei/2025/dei-2025.xsd#dei_EntityCentralIndexKey"/>
    <link:presentationArc order="4" xlink:arcrole="http://www.xbrl.org/2003/arcrole/parent-child" xlink:from="loc_dei_DocumentInformationLineItems_b6770176-c20e-484e-94fb-88d4619c55f8" xlink:to="loc_dei_EntityCentralIndexKey_31c52e17-e664-45cf-aa87-aa547db5ac16" xlink:type="arc" preferredLabel="http://www.xbrl.org/2003/role/terseLabel"/>
    <link:loc xlink:type="locator" xlink:label="loc_dei_AmendmentFlag_115d0cf6-fd51-44a1-9182-5e477d9b5b0f" xlink:href="https://xbrl.sec.gov/dei/2025/dei-2025.xsd#dei_AmendmentFlag"/>
    <link:presentationArc order="5" xlink:arcrole="http://www.xbrl.org/2003/arcrole/parent-child" xlink:from="loc_dei_DocumentInformationLineItems_b6770176-c20e-484e-94fb-88d4619c55f8" xlink:to="loc_dei_AmendmentFlag_115d0cf6-fd51-44a1-9182-5e477d9b5b0f" xlink:type="arc" preferredLabel="http://www.xbrl.org/2003/role/terseLabel"/>
    <link:loc xlink:type="locator" xlink:label="loc_dei_EntityIncorporationStateCountryCode_fc6beb2a-5d07-4a65-9bcb-0e2a89cd765d" xlink:href="https://xbrl.sec.gov/dei/2025/dei-2025.xsd#dei_EntityIncorporationStateCountryCode"/>
    <link:presentationArc order="6" xlink:arcrole="http://www.xbrl.org/2003/arcrole/parent-child" xlink:from="loc_dei_DocumentInformationLineItems_b6770176-c20e-484e-94fb-88d4619c55f8" xlink:to="loc_dei_EntityIncorporationStateCountryCode_fc6beb2a-5d07-4a65-9bcb-0e2a89cd765d" xlink:type="arc" preferredLabel="http://www.xbrl.org/2003/role/terseLabel"/>
    <link:loc xlink:type="locator" xlink:label="loc_dei_EntityFileNumber_54a121ac-4026-4b9f-bfda-f92f4c751a8f" xlink:href="https://xbrl.sec.gov/dei/2025/dei-2025.xsd#dei_EntityFileNumber"/>
    <link:presentationArc order="7" xlink:arcrole="http://www.xbrl.org/2003/arcrole/parent-child" xlink:from="loc_dei_DocumentInformationLineItems_b6770176-c20e-484e-94fb-88d4619c55f8" xlink:to="loc_dei_EntityFileNumber_54a121ac-4026-4b9f-bfda-f92f4c751a8f" xlink:type="arc" preferredLabel="http://www.xbrl.org/2003/role/terseLabel"/>
    <link:loc xlink:type="locator" xlink:label="loc_dei_EntityTaxIdentificationNumber_19c045b3-36c4-4e5b-ae7d-3b59f12de646" xlink:href="https://xbrl.sec.gov/dei/2025/dei-2025.xsd#dei_EntityTaxIdentificationNumber"/>
    <link:presentationArc order="8" xlink:arcrole="http://www.xbrl.org/2003/arcrole/parent-child" xlink:from="loc_dei_DocumentInformationLineItems_b6770176-c20e-484e-94fb-88d4619c55f8" xlink:to="loc_dei_EntityTaxIdentificationNumber_19c045b3-36c4-4e5b-ae7d-3b59f12de646" xlink:type="arc" preferredLabel="http://www.xbrl.org/2003/role/terseLabel"/>
    <link:loc xlink:type="locator" xlink:label="loc_dei_EntityAddressAddressLine1_558bab9a-329b-41a4-9484-1a3767db4bbe" xlink:href="https://xbrl.sec.gov/dei/2025/dei-2025.xsd#dei_EntityAddressAddressLine1"/>
    <link:presentationArc order="9" xlink:arcrole="http://www.xbrl.org/2003/arcrole/parent-child" xlink:from="loc_dei_DocumentInformationLineItems_b6770176-c20e-484e-94fb-88d4619c55f8" xlink:to="loc_dei_EntityAddressAddressLine1_558bab9a-329b-41a4-9484-1a3767db4bbe" xlink:type="arc" preferredLabel="http://www.xbrl.org/2003/role/terseLabel"/>
    <link:loc xlink:type="locator" xlink:label="loc_dei_EntityAddressCityOrTown_c34c6374-4b20-499c-af69-3c801b202154" xlink:href="https://xbrl.sec.gov/dei/2025/dei-2025.xsd#dei_EntityAddressCityOrTown"/>
    <link:presentationArc order="10" xlink:arcrole="http://www.xbrl.org/2003/arcrole/parent-child" xlink:from="loc_dei_DocumentInformationLineItems_b6770176-c20e-484e-94fb-88d4619c55f8" xlink:to="loc_dei_EntityAddressCityOrTown_c34c6374-4b20-499c-af69-3c801b202154" xlink:type="arc" preferredLabel="http://www.xbrl.org/2003/role/terseLabel"/>
    <link:loc xlink:type="locator" xlink:label="loc_dei_EntityAddressStateOrProvince_4c053047-dfb7-47c9-95a0-2b4605e18908" xlink:href="https://xbrl.sec.gov/dei/2025/dei-2025.xsd#dei_EntityAddressStateOrProvince"/>
    <link:presentationArc order="11" xlink:arcrole="http://www.xbrl.org/2003/arcrole/parent-child" xlink:from="loc_dei_DocumentInformationLineItems_b6770176-c20e-484e-94fb-88d4619c55f8" xlink:to="loc_dei_EntityAddressStateOrProvince_4c053047-dfb7-47c9-95a0-2b4605e18908" xlink:type="arc" preferredLabel="http://www.xbrl.org/2003/role/terseLabel"/>
    <link:loc xlink:type="locator" xlink:label="loc_dei_EntityAddressPostalZipCode_bb8b861b-4ce7-489d-bc43-cdd7ee7abc34" xlink:href="https://xbrl.sec.gov/dei/2025/dei-2025.xsd#dei_EntityAddressPostalZipCode"/>
    <link:presentationArc order="12" xlink:arcrole="http://www.xbrl.org/2003/arcrole/parent-child" xlink:from="loc_dei_DocumentInformationLineItems_b6770176-c20e-484e-94fb-88d4619c55f8" xlink:to="loc_dei_EntityAddressPostalZipCode_bb8b861b-4ce7-489d-bc43-cdd7ee7abc34" xlink:type="arc" preferredLabel="http://www.xbrl.org/2003/role/terseLabel"/>
    <link:loc xlink:type="locator" xlink:label="loc_dei_CityAreaCode_181ce640-ff8f-4ace-af66-108c588749f5" xlink:href="https://xbrl.sec.gov/dei/2025/dei-2025.xsd#dei_CityAreaCode"/>
    <link:presentationArc order="13" xlink:arcrole="http://www.xbrl.org/2003/arcrole/parent-child" xlink:from="loc_dei_DocumentInformationLineItems_b6770176-c20e-484e-94fb-88d4619c55f8" xlink:to="loc_dei_CityAreaCode_181ce640-ff8f-4ace-af66-108c588749f5" xlink:type="arc" preferredLabel="http://www.xbrl.org/2003/role/terseLabel"/>
    <link:loc xlink:type="locator" xlink:label="loc_dei_LocalPhoneNumber_44036e72-c5cf-4b18-9c6f-42d9e4f8bbb5" xlink:href="https://xbrl.sec.gov/dei/2025/dei-2025.xsd#dei_LocalPhoneNumber"/>
    <link:presentationArc order="14" xlink:arcrole="http://www.xbrl.org/2003/arcrole/parent-child" xlink:from="loc_dei_DocumentInformationLineItems_b6770176-c20e-484e-94fb-88d4619c55f8" xlink:to="loc_dei_LocalPhoneNumber_44036e72-c5cf-4b18-9c6f-42d9e4f8bbb5" xlink:type="arc" preferredLabel="http://www.xbrl.org/2003/role/terseLabel"/>
    <link:loc xlink:type="locator" xlink:label="loc_dei_WrittenCommunications_4daf0841-c801-43df-9552-99a11e88a626" xlink:href="https://xbrl.sec.gov/dei/2025/dei-2025.xsd#dei_WrittenCommunications"/>
    <link:presentationArc order="15" xlink:arcrole="http://www.xbrl.org/2003/arcrole/parent-child" xlink:from="loc_dei_DocumentInformationLineItems_b6770176-c20e-484e-94fb-88d4619c55f8" xlink:to="loc_dei_WrittenCommunications_4daf0841-c801-43df-9552-99a11e88a626" xlink:type="arc" preferredLabel="http://www.xbrl.org/2003/role/terseLabel"/>
    <link:loc xlink:type="locator" xlink:label="loc_dei_SolicitingMaterial_8a8bb580-9e6f-43e8-8a0b-9e2422b5d7eb" xlink:href="https://xbrl.sec.gov/dei/2025/dei-2025.xsd#dei_SolicitingMaterial"/>
    <link:presentationArc order="16" xlink:arcrole="http://www.xbrl.org/2003/arcrole/parent-child" xlink:from="loc_dei_DocumentInformationLineItems_b6770176-c20e-484e-94fb-88d4619c55f8" xlink:to="loc_dei_SolicitingMaterial_8a8bb580-9e6f-43e8-8a0b-9e2422b5d7eb" xlink:type="arc" preferredLabel="http://www.xbrl.org/2003/role/terseLabel"/>
    <link:loc xlink:type="locator" xlink:label="loc_dei_PreCommencementTenderOffer_c09ac56a-97f6-4347-bf54-9d8ba71f8bd9" xlink:href="https://xbrl.sec.gov/dei/2025/dei-2025.xsd#dei_PreCommencementTenderOffer"/>
    <link:presentationArc order="17" xlink:arcrole="http://www.xbrl.org/2003/arcrole/parent-child" xlink:from="loc_dei_DocumentInformationLineItems_b6770176-c20e-484e-94fb-88d4619c55f8" xlink:to="loc_dei_PreCommencementTenderOffer_c09ac56a-97f6-4347-bf54-9d8ba71f8bd9" xlink:type="arc" preferredLabel="http://www.xbrl.org/2003/role/terseLabel"/>
    <link:loc xlink:type="locator" xlink:label="loc_dei_PreCommencementIssuerTenderOffer_715c8d84-fecd-4604-ad55-4215ec0dde55" xlink:href="https://xbrl.sec.gov/dei/2025/dei-2025.xsd#dei_PreCommencementIssuerTenderOffer"/>
    <link:presentationArc order="18" xlink:arcrole="http://www.xbrl.org/2003/arcrole/parent-child" xlink:from="loc_dei_DocumentInformationLineItems_b6770176-c20e-484e-94fb-88d4619c55f8" xlink:to="loc_dei_PreCommencementIssuerTenderOffer_715c8d84-fecd-4604-ad55-4215ec0dde55" xlink:type="arc" preferredLabel="http://www.xbrl.org/2003/role/terseLabel"/>
    <link:loc xlink:type="locator" xlink:label="loc_dei_EntityEmergingGrowthCompany_2a84e283-d4fa-477a-b85e-e31521632418" xlink:href="https://xbrl.sec.gov/dei/2025/dei-2025.xsd#dei_EntityEmergingGrowthCompany"/>
    <link:presentationArc order="19" xlink:arcrole="http://www.xbrl.org/2003/arcrole/parent-child" xlink:from="loc_dei_DocumentInformationLineItems_b6770176-c20e-484e-94fb-88d4619c55f8" xlink:to="loc_dei_EntityEmergingGrowthCompany_2a84e283-d4fa-477a-b85e-e31521632418" xlink:type="arc" preferredLabel="http://www.xbrl.org/2003/role/terseLabel"/>
    <link:loc xlink:type="locator" xlink:label="loc_dei_Security12bTitle_60928e52-850f-48c0-a7a2-140bc0647c68" xlink:href="https://xbrl.sec.gov/dei/2025/dei-2025.xsd#dei_Security12bTitle"/>
    <link:presentationArc order="20" xlink:arcrole="http://www.xbrl.org/2003/arcrole/parent-child" xlink:from="loc_dei_DocumentInformationLineItems_b6770176-c20e-484e-94fb-88d4619c55f8" xlink:to="loc_dei_Security12bTitle_60928e52-850f-48c0-a7a2-140bc0647c68" xlink:type="arc" preferredLabel="http://www.xbrl.org/2003/role/terseLabel"/>
    <link:loc xlink:type="locator" xlink:label="loc_dei_TradingSymbol_de602e34-68a0-401d-9590-1b1df2d4cbe8" xlink:href="https://xbrl.sec.gov/dei/2025/dei-2025.xsd#dei_TradingSymbol"/>
    <link:presentationArc order="21" xlink:arcrole="http://www.xbrl.org/2003/arcrole/parent-child" xlink:from="loc_dei_DocumentInformationLineItems_b6770176-c20e-484e-94fb-88d4619c55f8" xlink:to="loc_dei_TradingSymbol_de602e34-68a0-401d-9590-1b1df2d4cbe8" xlink:type="arc" preferredLabel="http://www.xbrl.org/2003/role/terseLabel"/>
    <link:loc xlink:type="locator" xlink:label="loc_dei_SecurityExchangeName_01cb1c1c-1991-4afb-9c3d-785a0f6fbff4" xlink:href="https://xbrl.sec.gov/dei/2025/dei-2025.xsd#dei_SecurityExchangeName"/>
    <link:presentationArc order="22" xlink:arcrole="http://www.xbrl.org/2003/arcrole/parent-child" xlink:from="loc_dei_DocumentInformationLineItems_b6770176-c20e-484e-94fb-88d4619c55f8" xlink:to="loc_dei_SecurityExchangeName_01cb1c1c-1991-4afb-9c3d-785a0f6fbff4" xlink:type="arc" preferredLabel="http://www.xbrl.org/2003/role/terseLabel"/>
  </link:presentationLink>
</link:linkbase>
