<?xml version="1.0" encoding="US-ASCII" standalone="no"?>
<!--Generated by ThunderDome Portal - 10/21/2025 10:04:58 AM-->
<link:linkbase xmlns:link="http://www.xbrl.org/2003/linkbase" xmlns:xbrldt="http://xbrl.org/2005/xbrldt" xmlns:xlink="http://www.w3.org/1999/xlink" xmlns:xsi="http://www.w3.org/2001/XMLSchema-instance" xsi:schemaLocation="http://www.xbrl.org/2003/linkbase http://www.xbrl.org/2003/xbrl-linkbase-2003-12-31.xsd">
<link:arcroleRef arcroleURI="http://xbrl.org/int/dim/arcrole/all" xlink:href="http://www.xbrl.org/2005/xbrldt-2005.xsd#all" xlink:type="simple"/>
<link:arcroleRef arcroleURI="http://xbrl.org/int/dim/arcrole/domain-member" xlink:href="http://www.xbrl.org/2005/xbrldt-2005.xsd#domain-member" xlink:type="simple"/>
<link:arcroleRef arcroleURI="http://xbrl.org/int/dim/arcrole/dimension-domain" xlink:href="http://www.xbrl.org/2005/xbrldt-2005.xsd#dimension-domain" xlink:type="simple"/>
<link:arcroleRef arcroleURI="http://xbrl.org/int/dim/arcrole/hypercube-dimension" xlink:href="http://www.xbrl.org/2005/xbrldt-2005.xsd#hypercube-dimension" xlink:type="simple"/>
<link:arcroleRef arcroleURI="http://xbrl.org/int/dim/arcrole/dimension-default" xlink:href="http://www.xbrl.org/2005/xbrldt-2005.xsd#dimension-default" xlink:type="simple"/>
<link:roleRef roleURI="http://www.caty.com/20251021/role/statement-document-and-entity-information" xlink:href="caty-20251021.xsd#statement-document-and-entity-information" xlink:type="simple"/>
<link:definitionLink xlink:role="http://www.caty.com/20251021/role/statement-document-and-entity-information" xlink:type="extended">
<link:loc xlink:href="https://xbrl.sec.gov/dei/2024/dei-2024.xsd#dei_EntityDomain" xlink:label="dei_EntityDomain" xlink:type="locator"/>
<link:loc xlink:href="https://xbrl.sec.gov/dei/2024/dei-2024.xsd#dei_EntityDomain" xlink:label="dei_EntityDomain-default" xlink:type="locator"/>
<link:loc xlink:href="https://xbrl.sec.gov/dei/2024/dei-2024.xsd#dei_DocumentInformationTable" xlink:label="dei_DocumentInformationTable" xlink:type="locator"/>
<link:loc xlink:href="https://xbrl.sec.gov/dei/2024/dei-2024.xsd#dei_DocumentInformationLineItems" xlink:label="dei_DocumentInformationLineItems" xlink:type="locator"/>
<link:loc xlink:href="https://xbrl.sec.gov/dei/2024/dei-2024.xsd#dei_LegalEntityAxis" xlink:label="dei_LegalEntityAxis" xlink:type="locator"/>
<link:loc xlink:href="https://xbrl.sec.gov/dei/2024/dei-2024.xsd#dei_DocumentType" xlink:label="dei_DocumentType" xlink:type="locator"/>
<link:loc xlink:href="https://xbrl.sec.gov/dei/2024/dei-2024.xsd#dei_DocumentPeriodEndDate" xlink:label="dei_DocumentPeriodEndDate" xlink:type="locator"/>
<link:loc xlink:href="https://xbrl.sec.gov/dei/2024/dei-2024.xsd#dei_EntityRegistrantName" xlink:label="dei_EntityRegistrantName" xlink:type="locator"/>
<link:loc xlink:href="https://xbrl.sec.gov/dei/2024/dei-2024.xsd#dei_EntityIncorporationStateCountryCode" xlink:label="dei_EntityIncorporationStateCountryCode" xlink:type="locator"/>
<link:loc xlink:href="https://xbrl.sec.gov/dei/2024/dei-2024.xsd#dei_EntityFileNumber" xlink:label="dei_EntityFileNumber" xlink:type="locator"/>
<link:loc xlink:href="https://xbrl.sec.gov/dei/2024/dei-2024.xsd#dei_EntityTaxIdentificationNumber" xlink:label="dei_EntityTaxIdentificationNumber" xlink:type="locator"/>
<link:loc xlink:href="https://xbrl.sec.gov/dei/2024/dei-2024.xsd#dei_EntityAddressAddressLine1" xlink:label="dei_EntityAddressAddressLine1" xlink:type="locator"/>
<link:loc xlink:href="https://xbrl.sec.gov/dei/2024/dei-2024.xsd#dei_EntityAddressCityOrTown" xlink:label="dei_EntityAddressCityOrTown" xlink:type="locator"/>
<link:loc xlink:href="https://xbrl.sec.gov/dei/2024/dei-2024.xsd#dei_EntityAddressStateOrProvince" xlink:label="dei_EntityAddressStateOrProvince" xlink:type="locator"/>
<link:loc xlink:href="https://xbrl.sec.gov/dei/2024/dei-2024.xsd#dei_EntityAddressPostalZipCode" xlink:label="dei_EntityAddressPostalZipCode" xlink:type="locator"/>
<link:loc xlink:href="https://xbrl.sec.gov/dei/2024/dei-2024.xsd#dei_CityAreaCode" xlink:label="dei_CityAreaCode" xlink:type="locator"/>
<link:loc xlink:href="https://xbrl.sec.gov/dei/2024/dei-2024.xsd#dei_LocalPhoneNumber" xlink:label="dei_LocalPhoneNumber" xlink:type="locator"/>
<link:loc xlink:href="https://xbrl.sec.gov/dei/2024/dei-2024.xsd#dei_WrittenCommunications" xlink:label="dei_WrittenCommunications" xlink:type="locator"/>
<link:loc xlink:href="https://xbrl.sec.gov/dei/2024/dei-2024.xsd#dei_SolicitingMaterial" xlink:label="dei_SolicitingMaterial" xlink:type="locator"/>
<link:loc xlink:href="https://xbrl.sec.gov/dei/2024/dei-2024.xsd#dei_PreCommencementTenderOffer" xlink:label="dei_PreCommencementTenderOffer" xlink:type="locator"/>
<link:loc xlink:href="https://xbrl.sec.gov/dei/2024/dei-2024.xsd#dei_PreCommencementIssuerTenderOffer" xlink:label="dei_PreCommencementIssuerTenderOffer" xlink:type="locator"/>
<link:loc xlink:href="https://xbrl.sec.gov/dei/2024/dei-2024.xsd#dei_Security12bTitle" xlink:label="dei_Security12bTitle" xlink:type="locator"/>
<link:loc xlink:href="https://xbrl.sec.gov/dei/2024/dei-2024.xsd#dei_TradingSymbol" xlink:label="dei_TradingSymbol" xlink:type="locator"/>
<link:loc xlink:href="https://xbrl.sec.gov/dei/2024/dei-2024.xsd#dei_SecurityExchangeName" xlink:label="dei_SecurityExchangeName" xlink:type="locator"/>
<link:loc xlink:href="https://xbrl.sec.gov/dei/2024/dei-2024.xsd#dei_EntityEmergingGrowthCompany" xlink:label="dei_EntityEmergingGrowthCompany" xlink:type="locator"/>
<link:loc xlink:href="https://xbrl.sec.gov/dei/2024/dei-2024.xsd#dei_AmendmentFlag" xlink:label="dei_AmendmentFlag" xlink:type="locator"/>
<link:loc xlink:href="https://xbrl.sec.gov/dei/2024/dei-2024.xsd#dei_EntityCentralIndexKey" xlink:label="dei_EntityCentralIndexKey" xlink:type="locator"/>
<link:definitionArc order="0" xbrldt:closed="true" xlink:arcrole="http://xbrl.org/int/dim/arcrole/dimension-domain" xlink:from="dei_LegalEntityAxis" xlink:to="dei_EntityDomain" xlink:type="arc"/>
<link:definitionArc order="1" xbrldt:closed="true" xlink:arcrole="http://xbrl.org/int/dim/arcrole/dimension-default" xlink:from="dei_LegalEntityAxis" xlink:to="dei_EntityDomain-default" xlink:type="arc"/>

<link:definitionArc order="0" xbrldt:closed="true" xlink:arcrole="http://xbrl.org/int/dim/arcrole/hypercube-dimension" xlink:from="dei_DocumentInformationTable" xlink:to="dei_LegalEntityAxis" xlink:type="arc"/>


<link:definitionArc order="0" xbrldt:closed="true" xbrldt:contextElement="segment" xlink:arcrole="http://xbrl.org/int/dim/arcrole/all" xlink:from="dei_DocumentInformationLineItems" xlink:to="dei_DocumentInformationTable" xlink:type="arc"/>
<link:definitionArc order="1" xbrldt:closed="true" xlink:arcrole="http://xbrl.org/int/dim/arcrole/domain-member" xlink:from="dei_DocumentInformationLineItems" xlink:to="dei_DocumentType" xlink:type="arc"/>
<link:definitionArc order="2" xbrldt:closed="true" xlink:arcrole="http://xbrl.org/int/dim/arcrole/domain-member" xlink:from="dei_DocumentInformationLineItems" xlink:to="dei_DocumentPeriodEndDate" xlink:type="arc"/>
<link:definitionArc order="3" xbrldt:closed="true" xlink:arcrole="http://xbrl.org/int/dim/arcrole/domain-member" xlink:from="dei_DocumentInformationLineItems" xlink:to="dei_EntityRegistrantName" xlink:type="arc"/>
<link:definitionArc order="4" xbrldt:closed="true" xlink:arcrole="http://xbrl.org/int/dim/arcrole/domain-member" xlink:from="dei_DocumentInformationLineItems" xlink:to="dei_EntityIncorporationStateCountryCode" xlink:type="arc"/>
<link:definitionArc order="5" xbrldt:closed="true" xlink:arcrole="http://xbrl.org/int/dim/arcrole/domain-member" xlink:from="dei_DocumentInformationLineItems" xlink:to="dei_EntityFileNumber" xlink:type="arc"/>
<link:definitionArc order="6" xbrldt:closed="true" xlink:arcrole="http://xbrl.org/int/dim/arcrole/domain-member" xlink:from="dei_DocumentInformationLineItems" xlink:to="dei_EntityTaxIdentificationNumber" xlink:type="arc"/>
<link:definitionArc order="7" xbrldt:closed="true" xlink:arcrole="http://xbrl.org/int/dim/arcrole/domain-member" xlink:from="dei_DocumentInformationLineItems" xlink:to="dei_EntityAddressAddressLine1" xlink:type="arc"/>
<link:definitionArc order="8" xbrldt:closed="true" xlink:arcrole="http://xbrl.org/int/dim/arcrole/domain-member" xlink:from="dei_DocumentInformationLineItems" xlink:to="dei_EntityAddressCityOrTown" xlink:type="arc"/>
<link:definitionArc order="9" xbrldt:closed="true" xlink:arcrole="http://xbrl.org/int/dim/arcrole/domain-member" xlink:from="dei_DocumentInformationLineItems" xlink:to="dei_EntityAddressStateOrProvince" xlink:type="arc"/>
<link:definitionArc order="10" xbrldt:closed="true" xlink:arcrole="http://xbrl.org/int/dim/arcrole/domain-member" xlink:from="dei_DocumentInformationLineItems" xlink:to="dei_EntityAddressPostalZipCode" xlink:type="arc"/>
<link:definitionArc order="11" xbrldt:closed="true" xlink:arcrole="http://xbrl.org/int/dim/arcrole/domain-member" xlink:from="dei_DocumentInformationLineItems" xlink:to="dei_CityAreaCode" xlink:type="arc"/>
<link:definitionArc order="12" xbrldt:closed="true" xlink:arcrole="http://xbrl.org/int/dim/arcrole/domain-member" xlink:from="dei_DocumentInformationLineItems" xlink:to="dei_LocalPhoneNumber" xlink:type="arc"/>
<link:definitionArc order="13" xbrldt:closed="true" xlink:arcrole="http://xbrl.org/int/dim/arcrole/domain-member" xlink:from="dei_DocumentInformationLineItems" xlink:to="dei_WrittenCommunications" xlink:type="arc"/>
<link:definitionArc order="14" xbrldt:closed="true" xlink:arcrole="http://xbrl.org/int/dim/arcrole/domain-member" xlink:from="dei_DocumentInformationLineItems" xlink:to="dei_SolicitingMaterial" xlink:type="arc"/>
<link:definitionArc order="15" xbrldt:closed="true" xlink:arcrole="http://xbrl.org/int/dim/arcrole/domain-member" xlink:from="dei_DocumentInformationLineItems" xlink:to="dei_PreCommencementTenderOffer" xlink:type="arc"/>
<link:definitionArc order="16" xbrldt:closed="true" xlink:arcrole="http://xbrl.org/int/dim/arcrole/domain-member" xlink:from="dei_DocumentInformationLineItems" xlink:to="dei_PreCommencementIssuerTenderOffer" xlink:type="arc"/>
<link:definitionArc order="17" xbrldt:closed="true" xlink:arcrole="http://xbrl.org/int/dim/arcrole/domain-member" xlink:from="dei_DocumentInformationLineItems" xlink:to="dei_Security12bTitle" xlink:type="arc"/>
<link:definitionArc order="18" xbrldt:closed="true" xlink:arcrole="http://xbrl.org/int/dim/arcrole/domain-member" xlink:from="dei_DocumentInformationLineItems" xlink:to="dei_TradingSymbol" xlink:type="arc"/>
<link:definitionArc order="19" xbrldt:closed="true" xlink:arcrole="http://xbrl.org/int/dim/arcrole/domain-member" xlink:from="dei_DocumentInformationLineItems" xlink:to="dei_SecurityExchangeName" xlink:type="arc"/>
<link:definitionArc order="20" xbrldt:closed="true" xlink:arcrole="http://xbrl.org/int/dim/arcrole/domain-member" xlink:from="dei_DocumentInformationLineItems" xlink:to="dei_EntityEmergingGrowthCompany" xlink:type="arc"/>
<link:definitionArc order="21" xbrldt:closed="true" xlink:arcrole="http://xbrl.org/int/dim/arcrole/domain-member" xlink:from="dei_DocumentInformationLineItems" xlink:to="dei_AmendmentFlag" xlink:type="arc"/>
<link:definitionArc order="22" xbrldt:closed="true" xlink:arcrole="http://xbrl.org/int/dim/arcrole/domain-member" xlink:from="dei_DocumentInformationLineItems" xlink:to="dei_EntityCentralIndexKey" xlink:type="arc"/>

</link:definitionLink>
</link:linkbase>
