<?xml version="1.0" encoding="US-ASCII" standalone="no"?>
<!--Generated by ThunderDome Portal - 10/21/2025 10:04:58 AM-->
<link:linkbase xmlns:link="http://www.xbrl.org/2003/linkbase" xmlns:xbrldt="http://xbrl.org/2005/xbrldt" xmlns:xlink="http://www.w3.org/1999/xlink" xmlns:xsi="http://www.w3.org/2001/XMLSchema-instance" xsi:schemaLocation="http://www.xbrl.org/2003/linkbase http://www.xbrl.org/2003/xbrl-linkbase-2003-12-31.xsd">
<link:roleRef roleURI="http://www.xbrl.org/2009/role/negatedLabel" xlink:href="http://www.xbrl.org/lrr/role/negated-2009-12-16.xsd#negatedLabel" xlink:type="simple"/>
<link:roleRef roleURI="http://www.xbrl.org/2009/role/negatedPeriodEndLabel" xlink:href="http://www.xbrl.org/lrr/role/negated-2009-12-16.xsd#negatedPeriodEndLabel" xlink:type="simple"/>
<link:roleRef roleURI="http://www.xbrl.org/2009/role/negatedPeriodStartLabel" xlink:href="http://www.xbrl.org/lrr/role/negated-2009-12-16.xsd#negatedPeriodStartLabel" xlink:type="simple"/>
<link:roleRef roleURI="http://www.xbrl.org/2009/role/negatedTotalLabel" xlink:href="http://www.xbrl.org/lrr/role/negated-2009-12-16.xsd#negatedTotalLabel" xlink:type="simple"/>
<link:roleRef roleURI="http://www.xbrl.org/2009/role/negatedTerseLabel" xlink:href="http://www.xbrl.org/lrr/role/negated-2009-12-16.xsd#negatedTerseLabel" xlink:type="simple"/>
<link:roleRef roleURI="http://www.xbrl.org/2009/role/negatedNetLabel" xlink:href="http://www.xbrl.org/lrr/role/negated-2009-12-16.xsd#negatedNetLabel" xlink:type="simple"/>
<link:roleRef roleURI="http://www.xbrl.org/2009/role/netLabel" xlink:href="http://www.xbrl.org/lrr/role/net-2009-12-16.xsd#netLabel" xlink:type="simple"/>
<link:labelLink xlink:role="http://www.xbrl.org/2003/role/link" xlink:type="extended">
<link:loc xlink:href="https://xbrl.sec.gov/dei/2024/dei-2024.xsd#dei_EntityDomain" xlink:label="dei_EntityDomain" xlink:type="locator"/>
<link:label xlink:label="dei_EntityDomain-label" xlink:role="http://www.xbrl.org/2003/role/label" xlink:type="resource" xml:lang="en-US">Entity [Domain]</link:label>
<link:labelArc xlink:arcrole="http://www.xbrl.org/2003/arcrole/concept-label" xlink:from="dei_EntityDomain" xlink:to="dei_EntityDomain-label" xlink:type="arc"/>

<link:loc xlink:href="https://xbrl.sec.gov/dei/2024/dei-2024.xsd#dei_LegalEntityAxis" xlink:label="dei_LegalEntityAxis" xlink:type="locator"/>
<link:label xlink:label="dei_LegalEntityAxis-label" xlink:role="http://www.xbrl.org/2003/role/label" xlink:type="resource" xml:lang="en-US">Legal Entity [Axis]</link:label>
<link:labelArc xlink:arcrole="http://www.xbrl.org/2003/arcrole/concept-label" xlink:from="dei_LegalEntityAxis" xlink:to="dei_LegalEntityAxis-label" xlink:type="arc"/>

<link:loc xlink:href="https://xbrl.sec.gov/dei/2024/dei-2024.xsd#dei_DocumentInformationLineItems" xlink:label="dei_DocumentInformationLineItems" xlink:type="locator"/>
<link:label xlink:label="dei_DocumentInformationLineItems-label" xlink:role="http://www.xbrl.org/2003/role/label" xlink:type="resource" xml:lang="en-US">Document Information [Line Items]</link:label>
<link:labelArc xlink:arcrole="http://www.xbrl.org/2003/arcrole/concept-label" xlink:from="dei_DocumentInformationLineItems" xlink:to="dei_DocumentInformationLineItems-label" xlink:type="arc"/>

<link:loc xlink:href="https://xbrl.sec.gov/dei/2024/dei-2024.xsd#dei_DocumentInformationTable" xlink:label="dei_DocumentInformationTable" xlink:type="locator"/>
<link:label xlink:label="dei_DocumentInformationTable-label" xlink:role="http://www.xbrl.org/2003/role/label" xlink:type="resource" xml:lang="en-US">Document Information [Table]</link:label>
<link:labelArc xlink:arcrole="http://www.xbrl.org/2003/arcrole/concept-label" xlink:from="dei_DocumentInformationTable" xlink:to="dei_DocumentInformationTable-label" xlink:type="arc"/>

<link:loc xlink:href="https://xbrl.sec.gov/dei/2024/dei-2024.xsd#dei_DocumentType" xlink:label="dei_DocumentType" xlink:type="locator"/>
<link:label xlink:label="dei_DocumentType-label" xlink:role="http://www.xbrl.org/2003/role/label" xlink:type="resource" xml:lang="en-US">Document, Type</link:label>
<link:labelArc xlink:arcrole="http://www.xbrl.org/2003/arcrole/concept-label" xlink:from="dei_DocumentType" xlink:to="dei_DocumentType-label" xlink:type="arc"/>

<link:loc xlink:href="https://xbrl.sec.gov/dei/2024/dei-2024.xsd#dei_DocumentPeriodEndDate" xlink:label="dei_DocumentPeriodEndDate" xlink:type="locator"/>
<link:label xlink:label="dei_DocumentPeriodEndDate-label" xlink:role="http://www.xbrl.org/2003/role/label" xlink:type="resource" xml:lang="en-US">Document, Period End Date</link:label>
<link:labelArc xlink:arcrole="http://www.xbrl.org/2003/arcrole/concept-label" xlink:from="dei_DocumentPeriodEndDate" xlink:to="dei_DocumentPeriodEndDate-label" xlink:type="arc"/>

<link:loc xlink:href="https://xbrl.sec.gov/dei/2024/dei-2024.xsd#dei_EntityRegistrantName" xlink:label="dei_EntityRegistrantName" xlink:type="locator"/>
<link:label xlink:label="dei_EntityRegistrantName-label" xlink:role="http://www.xbrl.org/2003/role/label" xlink:type="resource" xml:lang="en-US">Entity, Registrant Name</link:label>
<link:labelArc xlink:arcrole="http://www.xbrl.org/2003/arcrole/concept-label" xlink:from="dei_EntityRegistrantName" xlink:to="dei_EntityRegistrantName-label" xlink:type="arc"/>

<link:loc xlink:href="https://xbrl.sec.gov/dei/2024/dei-2024.xsd#dei_EntityIncorporationStateCountryCode" xlink:label="dei_EntityIncorporationStateCountryCode" xlink:type="locator"/>
<link:label xlink:label="dei_EntityIncorporationStateCountryCode-label" xlink:role="http://www.xbrl.org/2003/role/label" xlink:type="resource" xml:lang="en-US">Entity, Incorporation, State or Country Code</link:label>
<link:labelArc xlink:arcrole="http://www.xbrl.org/2003/arcrole/concept-label" xlink:from="dei_EntityIncorporationStateCountryCode" xlink:to="dei_EntityIncorporationStateCountryCode-label" xlink:type="arc"/>

<link:loc xlink:href="https://xbrl.sec.gov/dei/2024/dei-2024.xsd#dei_EntityFileNumber" xlink:label="dei_EntityFileNumber" xlink:type="locator"/>
<link:label xlink:label="dei_EntityFileNumber-label" xlink:role="http://www.xbrl.org/2003/role/label" xlink:type="resource" xml:lang="en-US">Entity, File Number</link:label>
<link:labelArc xlink:arcrole="http://www.xbrl.org/2003/arcrole/concept-label" xlink:from="dei_EntityFileNumber" xlink:to="dei_EntityFileNumber-label" xlink:type="arc"/>

<link:loc xlink:href="https://xbrl.sec.gov/dei/2024/dei-2024.xsd#dei_EntityTaxIdentificationNumber" xlink:label="dei_EntityTaxIdentificationNumber" xlink:type="locator"/>
<link:label xlink:label="dei_EntityTaxIdentificationNumber-label" xlink:role="http://www.xbrl.org/2003/role/label" xlink:type="resource" xml:lang="en-US">Entity, Tax Identification Number</link:label>
<link:labelArc xlink:arcrole="http://www.xbrl.org/2003/arcrole/concept-label" xlink:from="dei_EntityTaxIdentificationNumber" xlink:to="dei_EntityTaxIdentificationNumber-label" xlink:type="arc"/>

<link:loc xlink:href="https://xbrl.sec.gov/dei/2024/dei-2024.xsd#dei_EntityAddressAddressLine1" xlink:label="dei_EntityAddressAddressLine1" xlink:type="locator"/>
<link:label xlink:label="dei_EntityAddressAddressLine1-label" xlink:role="http://www.xbrl.org/2003/role/label" xlink:type="resource" xml:lang="en-US">Entity, Address, Address Line One</link:label>
<link:labelArc xlink:arcrole="http://www.xbrl.org/2003/arcrole/concept-label" xlink:from="dei_EntityAddressAddressLine1" xlink:to="dei_EntityAddressAddressLine1-label" xlink:type="arc"/>

<link:loc xlink:href="https://xbrl.sec.gov/dei/2024/dei-2024.xsd#dei_EntityAddressCityOrTown" xlink:label="dei_EntityAddressCityOrTown" xlink:type="locator"/>
<link:label xlink:label="dei_EntityAddressCityOrTown-label" xlink:role="http://www.xbrl.org/2003/role/label" xlink:type="resource" xml:lang="en-US">Entity, Address, City or Town</link:label>
<link:labelArc xlink:arcrole="http://www.xbrl.org/2003/arcrole/concept-label" xlink:from="dei_EntityAddressCityOrTown" xlink:to="dei_EntityAddressCityOrTown-label" xlink:type="arc"/>

<link:loc xlink:href="https://xbrl.sec.gov/dei/2024/dei-2024.xsd#dei_EntityAddressStateOrProvince" xlink:label="dei_EntityAddressStateOrProvince" xlink:type="locator"/>
<link:label xlink:label="dei_EntityAddressStateOrProvince-label" xlink:role="http://www.xbrl.org/2003/role/label" xlink:type="resource" xml:lang="en-US">Entity, Address, State or Province</link:label>
<link:labelArc xlink:arcrole="http://www.xbrl.org/2003/arcrole/concept-label" xlink:from="dei_EntityAddressStateOrProvince" xlink:to="dei_EntityAddressStateOrProvince-label" xlink:type="arc"/>

<link:loc xlink:href="https://xbrl.sec.gov/dei/2024/dei-2024.xsd#dei_EntityAddressPostalZipCode" xlink:label="dei_EntityAddressPostalZipCode" xlink:type="locator"/>
<link:label xlink:label="dei_EntityAddressPostalZipCode-label" xlink:role="http://www.xbrl.org/2003/role/label" xlink:type="resource" xml:lang="en-US">Entity, Address, Postal Zip Code</link:label>
<link:labelArc xlink:arcrole="http://www.xbrl.org/2003/arcrole/concept-label" xlink:from="dei_EntityAddressPostalZipCode" xlink:to="dei_EntityAddressPostalZipCode-label" xlink:type="arc"/>

<link:loc xlink:href="https://xbrl.sec.gov/dei/2024/dei-2024.xsd#dei_CityAreaCode" xlink:label="dei_CityAreaCode" xlink:type="locator"/>
<link:label xlink:label="dei_CityAreaCode-label" xlink:role="http://www.xbrl.org/2003/role/label" xlink:type="resource" xml:lang="en-US">City Area Code</link:label>
<link:labelArc xlink:arcrole="http://www.xbrl.org/2003/arcrole/concept-label" xlink:from="dei_CityAreaCode" xlink:to="dei_CityAreaCode-label" xlink:type="arc"/>

<link:loc xlink:href="https://xbrl.sec.gov/dei/2024/dei-2024.xsd#dei_LocalPhoneNumber" xlink:label="dei_LocalPhoneNumber" xlink:type="locator"/>
<link:label xlink:label="dei_LocalPhoneNumber-label" xlink:role="http://www.xbrl.org/2003/role/label" xlink:type="resource" xml:lang="en-US">Local Phone Number</link:label>
<link:labelArc xlink:arcrole="http://www.xbrl.org/2003/arcrole/concept-label" xlink:from="dei_LocalPhoneNumber" xlink:to="dei_LocalPhoneNumber-label" xlink:type="arc"/>

<link:loc xlink:href="https://xbrl.sec.gov/dei/2024/dei-2024.xsd#dei_WrittenCommunications" xlink:label="dei_WrittenCommunications" xlink:type="locator"/>
<link:label xlink:label="dei_WrittenCommunications-label" xlink:role="http://www.xbrl.org/2003/role/label" xlink:type="resource" xml:lang="en-US">Written Communications</link:label>
<link:labelArc xlink:arcrole="http://www.xbrl.org/2003/arcrole/concept-label" xlink:from="dei_WrittenCommunications" xlink:to="dei_WrittenCommunications-label" xlink:type="arc"/>

<link:loc xlink:href="https://xbrl.sec.gov/dei/2024/dei-2024.xsd#dei_SolicitingMaterial" xlink:label="dei_SolicitingMaterial" xlink:type="locator"/>
<link:label xlink:label="dei_SolicitingMaterial-label" xlink:role="http://www.xbrl.org/2003/role/label" xlink:type="resource" xml:lang="en-US">Soliciting Material</link:label>
<link:labelArc xlink:arcrole="http://www.xbrl.org/2003/arcrole/concept-label" xlink:from="dei_SolicitingMaterial" xlink:to="dei_SolicitingMaterial-label" xlink:type="arc"/>

<link:loc xlink:href="https://xbrl.sec.gov/dei/2024/dei-2024.xsd#dei_PreCommencementTenderOffer" xlink:label="dei_PreCommencementTenderOffer" xlink:type="locator"/>
<link:label xlink:label="dei_PreCommencementTenderOffer-label" xlink:role="http://www.xbrl.org/2003/role/label" xlink:type="resource" xml:lang="en-US">Pre-commencement Tender Offer</link:label>
<link:labelArc xlink:arcrole="http://www.xbrl.org/2003/arcrole/concept-label" xlink:from="dei_PreCommencementTenderOffer" xlink:to="dei_PreCommencementTenderOffer-label" xlink:type="arc"/>

<link:loc xlink:href="https://xbrl.sec.gov/dei/2024/dei-2024.xsd#dei_PreCommencementIssuerTenderOffer" xlink:label="dei_PreCommencementIssuerTenderOffer" xlink:type="locator"/>
<link:label xlink:label="dei_PreCommencementIssuerTenderOffer-label" xlink:role="http://www.xbrl.org/2003/role/label" xlink:type="resource" xml:lang="en-US">Pre-commencement Issuer Tender Offer</link:label>
<link:labelArc xlink:arcrole="http://www.xbrl.org/2003/arcrole/concept-label" xlink:from="dei_PreCommencementIssuerTenderOffer" xlink:to="dei_PreCommencementIssuerTenderOffer-label" xlink:type="arc"/>

<link:loc xlink:href="https://xbrl.sec.gov/dei/2024/dei-2024.xsd#dei_Security12bTitle" xlink:label="dei_Security12bTitle" xlink:type="locator"/>
<link:label xlink:label="dei_Security12bTitle-label" xlink:role="http://www.xbrl.org/2003/role/label" xlink:type="resource" xml:lang="en-US">Title of 12(b) Security</link:label>
<link:labelArc xlink:arcrole="http://www.xbrl.org/2003/arcrole/concept-label" xlink:from="dei_Security12bTitle" xlink:to="dei_Security12bTitle-label" xlink:type="arc"/>

<link:loc xlink:href="https://xbrl.sec.gov/dei/2024/dei-2024.xsd#dei_TradingSymbol" xlink:label="dei_TradingSymbol" xlink:type="locator"/>
<link:label xlink:label="dei_TradingSymbol-label" xlink:role="http://www.xbrl.org/2003/role/label" xlink:type="resource" xml:lang="en-US">Trading Symbol</link:label>
<link:labelArc xlink:arcrole="http://www.xbrl.org/2003/arcrole/concept-label" xlink:from="dei_TradingSymbol" xlink:to="dei_TradingSymbol-label" xlink:type="arc"/>

<link:loc xlink:href="https://xbrl.sec.gov/dei/2024/dei-2024.xsd#dei_SecurityExchangeName" xlink:label="dei_SecurityExchangeName" xlink:type="locator"/>
<link:label xlink:label="dei_SecurityExchangeName-label" xlink:role="http://www.xbrl.org/2003/role/label" xlink:type="resource" xml:lang="en-US">Security Exchange Name</link:label>
<link:labelArc xlink:arcrole="http://www.xbrl.org/2003/arcrole/concept-label" xlink:from="dei_SecurityExchangeName" xlink:to="dei_SecurityExchangeName-label" xlink:type="arc"/>

<link:loc xlink:href="https://xbrl.sec.gov/dei/2024/dei-2024.xsd#dei_EntityEmergingGrowthCompany" xlink:label="dei_EntityEmergingGrowthCompany" xlink:type="locator"/>
<link:label xlink:label="dei_EntityEmergingGrowthCompany-label" xlink:role="http://www.xbrl.org/2003/role/label" xlink:type="resource" xml:lang="en-US">Entity, Emerging Growth Company</link:label>
<link:labelArc xlink:arcrole="http://www.xbrl.org/2003/arcrole/concept-label" xlink:from="dei_EntityEmergingGrowthCompany" xlink:to="dei_EntityEmergingGrowthCompany-label" xlink:type="arc"/>

<link:loc xlink:href="https://xbrl.sec.gov/dei/2024/dei-2024.xsd#dei_AmendmentFlag" xlink:label="dei_AmendmentFlag" xlink:type="locator"/>
<link:label xlink:label="dei_AmendmentFlag-label" xlink:role="http://www.xbrl.org/2003/role/label" xlink:type="resource" xml:lang="en-US">Amendment Flag</link:label>
<link:labelArc xlink:arcrole="http://www.xbrl.org/2003/arcrole/concept-label" xlink:from="dei_AmendmentFlag" xlink:to="dei_AmendmentFlag-label" xlink:type="arc"/>

<link:loc xlink:href="https://xbrl.sec.gov/dei/2024/dei-2024.xsd#dei_EntityCentralIndexKey" xlink:label="dei_EntityCentralIndexKey" xlink:type="locator"/>
<link:label xlink:label="dei_EntityCentralIndexKey-label" xlink:role="http://www.xbrl.org/2003/role/label" xlink:type="resource" xml:lang="en-US">Entity, Central Index Key</link:label>
<link:labelArc xlink:arcrole="http://www.xbrl.org/2003/arcrole/concept-label" xlink:from="dei_EntityCentralIndexKey" xlink:to="dei_EntityCentralIndexKey-label" xlink:type="arc"/>

</link:labelLink>
</link:linkbase>
