<?xml version="1.0" encoding="UTF-8"?>

<!--XBRL Document Created with the Workiva Platform-->
<!--Copyright 2025 Workiva-->
<!--r:db010e3b-56cd-4bba-bb01-fa9a0cd74457,g:2c8606fc-1047-4093-a853-ecedd219bde7-->
<link:linkbase xmlns:link="http://www.xbrl.org/2003/linkbase" xmlns:xlink="http://www.w3.org/1999/xlink" xmlns:xsi="http://www.w3.org/2001/XMLSchema-instance" xsi:schemaLocation="http://www.xbrl.org/2003/linkbase http://www.xbrl.org/2003/xbrl-linkbase-2003-12-31.xsd">
  <link:roleRef roleURI="http://www.eastwestbank.com/role/CoverPage" xlink:type="simple" xlink:href="ewbc-20251021.xsd#CoverPage"/>
  <link:presentationLink xlink:role="http://www.eastwestbank.com/role/CoverPage" xlink:type="extended">
    <link:loc xlink:type="locator" xlink:label="loc_dei_CoverAbstract_c8eb7ed8-ef70-405d-a8ae-44dc84124f19" xlink:href="https://xbrl.sec.gov/dei/2025/dei-2025.xsd#dei_CoverAbstract"/>
    <link:loc xlink:type="locator" xlink:label="loc_dei_DocumentType_37d2a3d2-b123-402a-873f-4e94f067fa99" xlink:href="https://xbrl.sec.gov/dei/2025/dei-2025.xsd#dei_DocumentType"/>
    <link:presentationArc order="1" xlink:arcrole="http://www.xbrl.org/2003/arcrole/parent-child" xlink:from="loc_dei_CoverAbstract_c8eb7ed8-ef70-405d-a8ae-44dc84124f19" xlink:to="loc_dei_DocumentType_37d2a3d2-b123-402a-873f-4e94f067fa99" xlink:type="arc" preferredLabel="http://www.xbrl.org/2003/role/terseLabel"/>
    <link:loc xlink:type="locator" xlink:label="loc_dei_DocumentPeriodEndDate_9a1f5846-377e-42f9-93c2-df5f733c5181" xlink:href="https://xbrl.sec.gov/dei/2025/dei-2025.xsd#dei_DocumentPeriodEndDate"/>
    <link:presentationArc order="2" xlink:arcrole="http://www.xbrl.org/2003/arcrole/parent-child" xlink:from="loc_dei_CoverAbstract_c8eb7ed8-ef70-405d-a8ae-44dc84124f19" xlink:to="loc_dei_DocumentPeriodEndDate_9a1f5846-377e-42f9-93c2-df5f733c5181" xlink:type="arc" preferredLabel="http://www.xbrl.org/2003/role/terseLabel"/>
    <link:loc xlink:type="locator" xlink:label="loc_dei_EntityRegistrantName_fc6c536b-abc6-4e3f-899f-e230cb45a666" xlink:href="https://xbrl.sec.gov/dei/2025/dei-2025.xsd#dei_EntityRegistrantName"/>
    <link:presentationArc order="3" xlink:arcrole="http://www.xbrl.org/2003/arcrole/parent-child" xlink:from="loc_dei_CoverAbstract_c8eb7ed8-ef70-405d-a8ae-44dc84124f19" xlink:to="loc_dei_EntityRegistrantName_fc6c536b-abc6-4e3f-899f-e230cb45a666" xlink:type="arc" preferredLabel="http://www.xbrl.org/2003/role/terseLabel"/>
    <link:loc xlink:type="locator" xlink:label="loc_dei_EntityCentralIndexKey_1f866b97-8dfb-40a1-823c-0e678d2728f5" xlink:href="https://xbrl.sec.gov/dei/2025/dei-2025.xsd#dei_EntityCentralIndexKey"/>
    <link:presentationArc order="4" xlink:arcrole="http://www.xbrl.org/2003/arcrole/parent-child" xlink:from="loc_dei_CoverAbstract_c8eb7ed8-ef70-405d-a8ae-44dc84124f19" xlink:to="loc_dei_EntityCentralIndexKey_1f866b97-8dfb-40a1-823c-0e678d2728f5" xlink:type="arc" preferredLabel="http://www.xbrl.org/2003/role/terseLabel"/>
    <link:loc xlink:type="locator" xlink:label="loc_dei_AmendmentFlag_981e1d48-ccb5-4f97-ae6a-66ae389becfa" xlink:href="https://xbrl.sec.gov/dei/2025/dei-2025.xsd#dei_AmendmentFlag"/>
    <link:presentationArc order="5" xlink:arcrole="http://www.xbrl.org/2003/arcrole/parent-child" xlink:from="loc_dei_CoverAbstract_c8eb7ed8-ef70-405d-a8ae-44dc84124f19" xlink:to="loc_dei_AmendmentFlag_981e1d48-ccb5-4f97-ae6a-66ae389becfa" xlink:type="arc" preferredLabel="http://www.xbrl.org/2003/role/terseLabel"/>
    <link:loc xlink:type="locator" xlink:label="loc_dei_EntityIncorporationStateCountryCode_7b21cdbc-91f3-44d8-b287-29d94b62c138" xlink:href="https://xbrl.sec.gov/dei/2025/dei-2025.xsd#dei_EntityIncorporationStateCountryCode"/>
    <link:presentationArc order="6" xlink:arcrole="http://www.xbrl.org/2003/arcrole/parent-child" xlink:from="loc_dei_CoverAbstract_c8eb7ed8-ef70-405d-a8ae-44dc84124f19" xlink:to="loc_dei_EntityIncorporationStateCountryCode_7b21cdbc-91f3-44d8-b287-29d94b62c138" xlink:type="arc" preferredLabel="http://www.xbrl.org/2003/role/terseLabel"/>
    <link:loc xlink:type="locator" xlink:label="loc_dei_EntityFileNumber_bc5900d3-d9ac-4180-9561-5dd5a12a045f" xlink:href="https://xbrl.sec.gov/dei/2025/dei-2025.xsd#dei_EntityFileNumber"/>
    <link:presentationArc order="7" xlink:arcrole="http://www.xbrl.org/2003/arcrole/parent-child" xlink:from="loc_dei_CoverAbstract_c8eb7ed8-ef70-405d-a8ae-44dc84124f19" xlink:to="loc_dei_EntityFileNumber_bc5900d3-d9ac-4180-9561-5dd5a12a045f" xlink:type="arc" preferredLabel="http://www.xbrl.org/2003/role/terseLabel"/>
    <link:loc xlink:type="locator" xlink:label="loc_dei_EntityTaxIdentificationNumber_e1a3122f-e747-4cc2-b956-043578298dba" xlink:href="https://xbrl.sec.gov/dei/2025/dei-2025.xsd#dei_EntityTaxIdentificationNumber"/>
    <link:presentationArc order="8" xlink:arcrole="http://www.xbrl.org/2003/arcrole/parent-child" xlink:from="loc_dei_CoverAbstract_c8eb7ed8-ef70-405d-a8ae-44dc84124f19" xlink:to="loc_dei_EntityTaxIdentificationNumber_e1a3122f-e747-4cc2-b956-043578298dba" xlink:type="arc" preferredLabel="http://www.xbrl.org/2003/role/terseLabel"/>
    <link:loc xlink:type="locator" xlink:label="loc_dei_EntityAddressAddressLine1_da8917f3-ffa4-41ec-a1dc-55e266addf7a" xlink:href="https://xbrl.sec.gov/dei/2025/dei-2025.xsd#dei_EntityAddressAddressLine1"/>
    <link:presentationArc order="9" xlink:arcrole="http://www.xbrl.org/2003/arcrole/parent-child" xlink:from="loc_dei_CoverAbstract_c8eb7ed8-ef70-405d-a8ae-44dc84124f19" xlink:to="loc_dei_EntityAddressAddressLine1_da8917f3-ffa4-41ec-a1dc-55e266addf7a" xlink:type="arc" preferredLabel="http://www.xbrl.org/2003/role/terseLabel"/>
    <link:loc xlink:type="locator" xlink:label="loc_dei_EntityAddressAddressLine2_4dfba959-e912-4ee9-b04f-9d0e24ec1ac1" xlink:href="https://xbrl.sec.gov/dei/2025/dei-2025.xsd#dei_EntityAddressAddressLine2"/>
    <link:presentationArc order="10" xlink:arcrole="http://www.xbrl.org/2003/arcrole/parent-child" xlink:from="loc_dei_CoverAbstract_c8eb7ed8-ef70-405d-a8ae-44dc84124f19" xlink:to="loc_dei_EntityAddressAddressLine2_4dfba959-e912-4ee9-b04f-9d0e24ec1ac1" xlink:type="arc" preferredLabel="http://www.xbrl.org/2003/role/terseLabel"/>
    <link:loc xlink:type="locator" xlink:label="loc_dei_EntityAddressCityOrTown_4e2a4dc7-e6eb-4351-9324-a1dca42851c6" xlink:href="https://xbrl.sec.gov/dei/2025/dei-2025.xsd#dei_EntityAddressCityOrTown"/>
    <link:presentationArc order="11" xlink:arcrole="http://www.xbrl.org/2003/arcrole/parent-child" xlink:from="loc_dei_CoverAbstract_c8eb7ed8-ef70-405d-a8ae-44dc84124f19" xlink:to="loc_dei_EntityAddressCityOrTown_4e2a4dc7-e6eb-4351-9324-a1dca42851c6" xlink:type="arc" preferredLabel="http://www.xbrl.org/2003/role/terseLabel"/>
    <link:loc xlink:type="locator" xlink:label="loc_dei_EntityAddressStateOrProvince_640e7f4c-a00b-4dd9-8a0f-e41d472fd80d" xlink:href="https://xbrl.sec.gov/dei/2025/dei-2025.xsd#dei_EntityAddressStateOrProvince"/>
    <link:presentationArc order="12" xlink:arcrole="http://www.xbrl.org/2003/arcrole/parent-child" xlink:from="loc_dei_CoverAbstract_c8eb7ed8-ef70-405d-a8ae-44dc84124f19" xlink:to="loc_dei_EntityAddressStateOrProvince_640e7f4c-a00b-4dd9-8a0f-e41d472fd80d" xlink:type="arc" preferredLabel="http://www.xbrl.org/2003/role/terseLabel"/>
    <link:loc xlink:type="locator" xlink:label="loc_dei_EntityAddressPostalZipCode_6a34ce2e-5321-4290-a1a5-75446040fc5d" xlink:href="https://xbrl.sec.gov/dei/2025/dei-2025.xsd#dei_EntityAddressPostalZipCode"/>
    <link:presentationArc order="13" xlink:arcrole="http://www.xbrl.org/2003/arcrole/parent-child" xlink:from="loc_dei_CoverAbstract_c8eb7ed8-ef70-405d-a8ae-44dc84124f19" xlink:to="loc_dei_EntityAddressPostalZipCode_6a34ce2e-5321-4290-a1a5-75446040fc5d" xlink:type="arc" preferredLabel="http://www.xbrl.org/2003/role/terseLabel"/>
    <link:loc xlink:type="locator" xlink:label="loc_dei_CityAreaCode_093e983b-b807-4fbb-b82c-4a8656b6b60f" xlink:href="https://xbrl.sec.gov/dei/2025/dei-2025.xsd#dei_CityAreaCode"/>
    <link:presentationArc order="14" xlink:arcrole="http://www.xbrl.org/2003/arcrole/parent-child" xlink:from="loc_dei_CoverAbstract_c8eb7ed8-ef70-405d-a8ae-44dc84124f19" xlink:to="loc_dei_CityAreaCode_093e983b-b807-4fbb-b82c-4a8656b6b60f" xlink:type="arc" preferredLabel="http://www.xbrl.org/2003/role/terseLabel"/>
    <link:loc xlink:type="locator" xlink:label="loc_dei_LocalPhoneNumber_811d30ec-fdd5-482a-a66f-163b2930a2a9" xlink:href="https://xbrl.sec.gov/dei/2025/dei-2025.xsd#dei_LocalPhoneNumber"/>
    <link:presentationArc order="15" xlink:arcrole="http://www.xbrl.org/2003/arcrole/parent-child" xlink:from="loc_dei_CoverAbstract_c8eb7ed8-ef70-405d-a8ae-44dc84124f19" xlink:to="loc_dei_LocalPhoneNumber_811d30ec-fdd5-482a-a66f-163b2930a2a9" xlink:type="arc" preferredLabel="http://www.xbrl.org/2003/role/terseLabel"/>
    <link:loc xlink:type="locator" xlink:label="loc_dei_WrittenCommunications_e53f61e6-9ff6-402a-8ad9-465380d6ec73" xlink:href="https://xbrl.sec.gov/dei/2025/dei-2025.xsd#dei_WrittenCommunications"/>
    <link:presentationArc order="16" xlink:arcrole="http://www.xbrl.org/2003/arcrole/parent-child" xlink:from="loc_dei_CoverAbstract_c8eb7ed8-ef70-405d-a8ae-44dc84124f19" xlink:to="loc_dei_WrittenCommunications_e53f61e6-9ff6-402a-8ad9-465380d6ec73" xlink:type="arc" preferredLabel="http://www.xbrl.org/2003/role/terseLabel"/>
    <link:loc xlink:type="locator" xlink:label="loc_dei_SolicitingMaterial_eb6b5c59-04e1-4c5b-9a86-cf2bbdf88732" xlink:href="https://xbrl.sec.gov/dei/2025/dei-2025.xsd#dei_SolicitingMaterial"/>
    <link:presentationArc order="17" xlink:arcrole="http://www.xbrl.org/2003/arcrole/parent-child" xlink:from="loc_dei_CoverAbstract_c8eb7ed8-ef70-405d-a8ae-44dc84124f19" xlink:to="loc_dei_SolicitingMaterial_eb6b5c59-04e1-4c5b-9a86-cf2bbdf88732" xlink:type="arc" preferredLabel="http://www.xbrl.org/2003/role/terseLabel"/>
    <link:loc xlink:type="locator" xlink:label="loc_dei_PreCommencementTenderOffer_a838125f-a380-4fc2-b267-e6853b3fc4c2" xlink:href="https://xbrl.sec.gov/dei/2025/dei-2025.xsd#dei_PreCommencementTenderOffer"/>
    <link:presentationArc order="18" xlink:arcrole="http://www.xbrl.org/2003/arcrole/parent-child" xlink:from="loc_dei_CoverAbstract_c8eb7ed8-ef70-405d-a8ae-44dc84124f19" xlink:to="loc_dei_PreCommencementTenderOffer_a838125f-a380-4fc2-b267-e6853b3fc4c2" xlink:type="arc" preferredLabel="http://www.xbrl.org/2003/role/terseLabel"/>
    <link:loc xlink:type="locator" xlink:label="loc_dei_PreCommencementIssuerTenderOffer_91613837-3b5b-4ca5-9a17-7782efc074b9" xlink:href="https://xbrl.sec.gov/dei/2025/dei-2025.xsd#dei_PreCommencementIssuerTenderOffer"/>
    <link:presentationArc order="19" xlink:arcrole="http://www.xbrl.org/2003/arcrole/parent-child" xlink:from="loc_dei_CoverAbstract_c8eb7ed8-ef70-405d-a8ae-44dc84124f19" xlink:to="loc_dei_PreCommencementIssuerTenderOffer_91613837-3b5b-4ca5-9a17-7782efc074b9" xlink:type="arc" preferredLabel="http://www.xbrl.org/2003/role/terseLabel"/>
    <link:loc xlink:type="locator" xlink:label="loc_dei_Security12bTitle_44641cdf-8637-48f7-a0b7-6a137f1aa5f9" xlink:href="https://xbrl.sec.gov/dei/2025/dei-2025.xsd#dei_Security12bTitle"/>
    <link:presentationArc order="20" xlink:arcrole="http://www.xbrl.org/2003/arcrole/parent-child" xlink:from="loc_dei_CoverAbstract_c8eb7ed8-ef70-405d-a8ae-44dc84124f19" xlink:to="loc_dei_Security12bTitle_44641cdf-8637-48f7-a0b7-6a137f1aa5f9" xlink:type="arc" preferredLabel="http://www.xbrl.org/2003/role/terseLabel"/>
    <link:loc xlink:type="locator" xlink:label="loc_dei_TradingSymbol_0a091ae5-043b-4f11-a570-2d2643890eb4" xlink:href="https://xbrl.sec.gov/dei/2025/dei-2025.xsd#dei_TradingSymbol"/>
    <link:presentationArc order="21" xlink:arcrole="http://www.xbrl.org/2003/arcrole/parent-child" xlink:from="loc_dei_CoverAbstract_c8eb7ed8-ef70-405d-a8ae-44dc84124f19" xlink:to="loc_dei_TradingSymbol_0a091ae5-043b-4f11-a570-2d2643890eb4" xlink:type="arc" preferredLabel="http://www.xbrl.org/2003/role/terseLabel"/>
    <link:loc xlink:type="locator" xlink:label="loc_dei_SecurityExchangeName_a23024a3-3ef2-4148-80c7-33c2c4fd283a" xlink:href="https://xbrl.sec.gov/dei/2025/dei-2025.xsd#dei_SecurityExchangeName"/>
    <link:presentationArc order="22" xlink:arcrole="http://www.xbrl.org/2003/arcrole/parent-child" xlink:from="loc_dei_CoverAbstract_c8eb7ed8-ef70-405d-a8ae-44dc84124f19" xlink:to="loc_dei_SecurityExchangeName_a23024a3-3ef2-4148-80c7-33c2c4fd283a" xlink:type="arc" preferredLabel="http://www.xbrl.org/2003/role/terseLabel"/>
    <link:loc xlink:type="locator" xlink:label="loc_dei_EntityEmergingGrowthCompany_3b05a1bb-89d8-497a-b865-02ac7d7e520e" xlink:href="https://xbrl.sec.gov/dei/2025/dei-2025.xsd#dei_EntityEmergingGrowthCompany"/>
    <link:presentationArc order="23" xlink:arcrole="http://www.xbrl.org/2003/arcrole/parent-child" xlink:from="loc_dei_CoverAbstract_c8eb7ed8-ef70-405d-a8ae-44dc84124f19" xlink:to="loc_dei_EntityEmergingGrowthCompany_3b05a1bb-89d8-497a-b865-02ac7d7e520e" xlink:type="arc" preferredLabel="http://www.xbrl.org/2003/role/terseLabel"/>
  </link:presentationLink>
</link:linkbase>
